{"cameraMode":{"drawMode":0,"name":"Shaded","section":"Shading Mode"},"sceneLighting":true,"audioPlay":false,"sceneViewState":{"m_AlwaysRefresh":false,"showFog":true,"showSkybox":true,"showFlares":true,"showImageEffects":true,"showParticleSystems":true,"showVisualEffectGraphs":true,"m_FxEnabled":true},"in2DMode":false,"pivot":{"x":15.783059120178223,"y":-4.748749256134033,"z":0.7704727053642273},"rotation":{"x":0.12196823209524155,"y":0.8536167144775391,"z":-0.2310224324464798,"w":0.4506552815437317},"size":14.651573181152344,"orthographic":false}